,Accuracy,Precision,Recall,F1-Score
Logistic Regression,0.5019900497512437,0.4980879541108987,0.522567703109328,0.5100342633382281
Random Forest,0.48756218905472637,0.48261327713382507,0.4593781344032096,0.47070914696813976
Naive Bayes,0.733,0.1712962962962963,0.09438775510204081,0.12171052631578948
