Feature,Importance
Income,0.15034411404060902
Price,0.14637442094257438
Discount_Sensitivity,0.14596644770915881
Loyalty_Score,0.1454388983642272
Age,0.11181149345716192
Visits,0.09843876955799825
Battery_Life,0.0979999153569922
Purchase_Frequency,0.06425583094499104
Promo_Response,0.020103091438294265
Gender_Male,0.019267018187992983
